{
    "mse": 0.8792797819682814,
    "mae": 0.7157595606740762,
    "r2": 0.16492357500344912
}